IDRépondant,Question1_Sentiment,Question1_Thèmes,Question1_Recommandation,Question2_Sentiment,Question2_Thèmes,Question2_Recommandation,Question3_Sentiment,Question3_Thèmes,Question3_Recommandation,Question4_Sentiment,Question4_Thèmes,Question4_Recommandation,Question5_Sentiment,Question5_Thèmes,Question5_Recommandation
1,"

Sentiment positif et satisfait.","

1. Qualité du produit
2. Robustesse des matériaux
3. Finition impeccable
4. Dépassement des attentes
5. Satisfaction","

1. Nous sommes ravis que vous soyez satisfait de la qualité de notre produit. Chez [Nom de l'entreprise], nous nous efforçons de fournir des produits de la plus haute qualité à nos clients.

2. Nous sommes heureux que vous ayez remarqué la robustesse des matériaux utilisés dans notre produit. Nous sélectionnons avec soin des matériaux durables pour garantir la longévité de nos produits.

3. La finition impeccable de notre produit est le résultat de notre engagement envers l'excellence. Nous avons une équipe dédiée qui veille à ce que chaque produit soit soigneusement inspecté avant d'être livré à nos clients.

4. Nous sommes heureux que notre produit ait dépassé vos attentes. Chez [Nom de l'entreprise], nous sommes constamment à la recherche de moyens pour améliorer nos produits et offrir une expérience exceptionnelle à nos clients.

5. Votre satisfaction est notre priorité absolue et nous sommes ravis que vous soyez vraiment satisfait de notre produit. Nous espérons que vous continuerez à choisir [Nom de l'entreprise] pour vos","

Le sentiment de la réponse est positif, le locuteur exprime sa satisfaction quant à l'utilisation du site et souligne sa facilité d'utilisation et sa bonne structure. Il semble avoir été en mesure de trouver ce qu'il cherchait rapidement et sans difficulté, ce qui renforce son sentiment positif.","

- Facilité d'utilisation
- Structuration du site
- Clarté des différentes sections
- Rapidité pour trouver l'information recherchée","

1. Mettez en avant la facilité d'utilisation du site : Mentionnez que le site est facile à naviguer et que les utilisateurs peuvent trouver rapidement ce qu'ils cherchent sans aucune difficulté.

2. Soulignez la structure claire du site : Faites remarquer que les différentes sections sont bien définies et organisées de manière logique, ce qui facilite la recherche d'informations.

3. Mettez en avant la rapidité de la recherche : Soulignez que vous avez pu trouver ce que vous cherchiez rapidement, sans avoir à parcourir de nombreuses pages ou à utiliser des filtres compliqués.

4. Encouragez les utilisateurs à explorer différentes sections : Invitez les utilisateurs à découvrir toutes les sections du site en mettant en avant leur clarté et leur facilité d'utilisation.

5. Mettez en avant la convivialité du site : Mentionnez que la simplicité et l'organisation du site rendent l'expérience utilisateur agréable et facile.

6. Invitez les utilisateurs à partager leur expérience : Encouragez les utilisateurs à laisser des commentaires ou des avis sur leur expérience d'utilisation du site","

Positif.","

1. Service client
2. Réactivité
3. Contact
4. Question spécifique
5. Délai de réponse
6. Courtoisie
7. Professionnalisme","

1. Continuer à maintenir un haut niveau de réactivité : Le fait que le service client ait répondu en moins d'une heure est très apprécié et cela montre que vous accordez une grande importance à la satisfaction de vos clients. Continuez à être aussi réactif dans toutes vos réponses aux demandes des clients.

2. Encourager la courtoisie et le professionnalisme : Le comportement courtois et professionnel du personnel est très apprécié et cela contribue à créer une expérience positive pour le client. Continuez à encourager votre équipe à être aimable et professionnelle dans toutes leurs interactions avec les clients.

3. Offrir une assistance rapide et efficace : La rapidité de la réponse du service client est cruciale pour résoudre les problèmes des clients. Veillez à ce que votre équipe soit bien formée et équipée pour fournir une assistance rapide et efficace à toutes les demandes des clients.

4. Rester accessible : Votre disponibilité et votre accessibilité ont été très appréciées par le client. Continuez à être facilement joignable, que ce soit par téléphone, par e-mail","

Sentiment : satisfaction","

- Satisfaction
- Rapidité de livraison
- Qualité du produit
- Suivi de commande
- Précision du suivi
- Localisation du colis","

1. Recommandez cette entreprise à vos amis et votre famille : Si vous êtes pleinement satisfait de la rapidité de livraison et de la qualité exceptionnelle du produit, n'hésitez pas à recommander cette entreprise à vos proches. Ils pourront également bénéficier de services de livraison rapides et de produits de haute qualité.

2. Écrivez une critique positive en ligne : Si vous avez un compte sur des sites d'évaluation ou de recommandation, prenez quelques minutes pour écrire une critique positive sur votre expérience avec cette entreprise. Cela aidera les autres consommateurs à faire un choix éclairé et encouragera également l'entreprise à maintenir son excellent niveau de service.

3. Utilisez le suivi de commande pour vos futures commandes : Le suivi de commande précis et fiable est un avantage majeur lors de l'achat en ligne. Utilisez-le pour vos futures commandes afin de savoir exactement où se trouve votre colis et quand vous pouvez vous attendre à le recevoir.

4. Parlez de votre expérience sur les réseaux sociaux : Les médias sociaux sont un excellent moyen de partager votre expérience","

Le sentiment exprimé dans cette réponse est clairement positif et enthousiaste. Le locuteur recommande vivement le produit en soulignant ses points forts tels que le rapport qualité/prix et l'expérience utilisateur. Il n'hésite pas à mentionner qu'il le recommanderait à ses amis et sa famille, ce qui montre une forte confiance dans le produit. ","

1. Recommandation 
2. Produit 
3. Amis et famille 
4. Qualité/prix 
5. Expérience utilisateur","

Je recommanderais sans hésiter ce produit à mes amis et ma famille pour plusieurs raisons. Tout d'abord, il offre un excellent rapport qualité/prix, ce qui en fait un choix économique pour tous ceux qui cherchent à obtenir un produit de qualité sans casser leur tirelire. De plus, l'expérience utilisateur est exceptionnelle, offrant une facilité d'utilisation et une efficacité qui sauront satisfaire les plus exigeants. Enfin, en tant que consommateur satisfait, je suis convaincu que mes proches apprécieront également ce produit et en tireront autant de bénéfices que moi. N'hésitez pas à le recommander à votre entourage également."
2,"

Sentiment : mitigé / critique constructif","

1. Qualité du produit
2. Prix
3. Fonctionnalités
4. Variété des options proposées","

1. Proposez des alternatives moins chères : Si vous trouvez que le produit est trop cher pour ce qu'il offre, il peut être judicieux de rechercher des alternatives moins chères. Vous pouvez faire des recherches en ligne ou demander des recommandations à des amis ou à des membres de votre communauté. Vous pourriez être surpris de trouver des produits similaires à un prix plus abordable.

2. Mettez en avant la qualité du produit : Bien que le prix puisse sembler élevé, il est important de noter que le produit est de bonne qualité. La qualité d'un produit peut justifier un prix plus élevé et peut également vous faire économiser de l'argent à long terme en évitant d'acheter des produits de moindre qualité qui peuvent s'user ou se casser rapidement.

3. Suggérez des fonctionnalités supplémentaires : Bien que les fonctionnalités du produit soient satisfaisantes pour vous, vous auriez aimé plus de variété dans les options proposées. Vous pouvez suggérer à l'entreprise d'ajouter de nouvelles fonctionnalités ou de développer des options supplémentaires pour répondre à vos bes","

Sentiment : négatif","

1. Confusion dans le site
2. Difficulté à naviguer entre les sections
3. Manque d'intuitivité des menus 
4. Recherche répétée pour trouver ce que l'on cherche","

1. Simplifiez la navigation : Pour rendre le site plus facile à utiliser, il est important de simplifier la navigation. Cela peut être fait en utilisant un menu clair et concis, en regroupant les informations connexes dans des sections clairement étiquetées et en ajoutant des liens pour faciliter le déplacement entre les pages.

2. Rendez les menus plus intuitifs : Les menus doivent être organisés de manière à ce que les utilisateurs puissent trouver rapidement ce qu'ils cherchent. Utilisez des termes et des catégories compréhensibles pour les utilisateurs et évitez les menus déroulants complexes.

3. Utilisez un design clair et cohérent : Un design clair et cohérent est essentiel pour faciliter la navigation sur un site. Utilisez des couleurs, des polices et des styles cohérents pour que les utilisateurs se sentent plus à l'aise lorsqu'ils naviguent sur votre site.

4. Faites des tests d'utilisabilité : Demandez à des utilisateurs de tester votre site et de vous donner leur avis sur la facilité de navigation. Cette ré","

Positif et négatif. Le service client est décrit comme très amical, ce qui est positif. Cependant, le fait d'avoir dû attendre longtemps avant d'obtenir une réponse est perçu comme frustrant, surtout si la question était urgente. Cependant, une fois en contact, le service était efficace, ce qui est de nouveau un aspect positif.","

- Service client
- Amical
- Attente
- Frustration
- Question urgente
- Efficacité","

1. Améliorer le temps de réponse : Il est important de réduire le temps d'attente pour recevoir une réponse du service client afin de satisfaire les clients et de résoudre rapidement leurs problèmes.

2. Mettre en place un système de priorité : En cas de question urgente, il serait utile d'avoir un système de priorité pour que les clients puissent obtenir une réponse plus rapidement.

3. Former le personnel à gérer les situations d'urgence : Le personnel du service client devrait être formé pour gérer efficacement les situations d'urgence et répondre rapidement aux demandes des clients.

4. Offrir des options de contact variées : En plus de la communication par téléphone, il serait avantageux d'offrir des options de contact telles que le chat en direct ou les réseaux sociaux pour que les clients puissent obtenir une réponse plus rapidement.

5. Suivre les temps de réponse : Il est important de suivre les temps de réponse du service client pour identifier les problèmes et mettre en place des solutions pour les résoudre.

6. Offrir des excuses et des solutions : En cas de temps d'attente prolongé","

Le sentiment exprimé dans cette réponse est positif et satisfait. Le locuteur apprécie le design du produit et le décrit comme moderne et élégant, ce qui est un avantage pour lui. Il mentionne également une présentation soignée dans l'emballage, ce qui montre qu'il est attentif aux détails et apprécie le souci du détail de la marque. En résumé, le sentiment exprimé est enthousiaste et satisfait.","

1. Le design du produit
2. La modernité et l'élégance du design
3. L'appréciation du design comme un plus
4. La présentation soignée dans l'emballage","

1. Mettez en avant les points forts du design : Mentionnez spécifiquement ce que vous avez aimé dans le design du produit, comme par exemple les couleurs, les formes, les matériaux utilisés, etc.

2. Soulignez l'aspect moderne et élégant du produit : Expliquez en quoi le design moderne et élégant apporte une valeur ajoutée au produit et pourquoi cela pourrait être un avantage pour les consommateurs.

3. Mentionnez l'importance de la présentation dans l'emballage : Soulignez que la présentation soignée dans l'emballage reflète la qualité du produit et peut donner une première impression positive aux consommateurs.

4. Suggérez d'utiliser des images pour mettre en valeur le design : Si possible, proposez d'inclure des images du produit dans vos communications afin que les consommateurs puissent se faire une idée précise du design du produit.

5. Encouragez à utiliser le design dans la stratégie marketing : S'il s'agit d'un produit destiné à être vendu, suggérez d'utiliser le design comme un élément clé de","

Le sentiment de cette réponse est plutôt négatif. La personne n'est pas entièrement satisfaite du produit et pense qu'il y a de meilleurs options sur le marché en termes de rapport qualité/prix. Cependant, elle pourrait envisager de le recommander si le prix était réduit.","

1. Recommandation de produit
2. Prix
3. Rapport qualité/prix 
4. Comparaison avec d'autres produits","

1. Effectuez une recherche approfondie : Si vous recherchez un meilleur rapport qualité-prix, il est important de faire des recherches approfondies pour trouver des alternatives possibles. Comparez les prix et les caractéristiques des différents produits pour trouver celui qui correspond le mieux à vos besoins et à votre budget.

2. Attendez une promotion : Gardez un œil sur les promotions et les soldes pour le produit que vous recherchez. Il est possible que le prix baisse dans un avenir proche, ce qui rendra le produit plus abordable pour vous.

3. Optez pour une marque moins connue : Parfois, les marques moins connues peuvent offrir des produits de qualité similaire à un prix plus abordable. N'hésitez pas à élargir votre recherche et à considérer des marques moins populaires.

4. Achetez en gros : Si vous avez besoin d'acheter plusieurs unités du produit, il peut être avantageux d'acheter en gros. Cela peut réduire le coût unitaire et rendre le produit plus abordable pour vous.

5. Utilisez des codes de réduction : De nombreux détaill"
3,"

Le sentiment de la réponse est positif. Le locuteur est conscient que les prix sont élevés, mais il est convaincu que le produit en vaut la peine en raison de sa durabilité et de ses performances. Il semble également satisfait de son utilisation jusqu'à présent.","

1. Les prix élevés 
2. La qualité du produit 
3. La durabilité 
4. La performance 
5. La fiabilité","

1. Faire une analyse coût-efficacité : Bien que les prix puissent sembler élevés au premier abord, il est important de prendre en compte la durabilité et la performance du produit. Si le produit dure plus longtemps et offre de meilleures performances que d'autres produits similaires, il peut être plus rentable à long terme.

2. Faire des recherches sur la durabilité : Si le produit est réputé pour sa durabilité, cela peut justifier le prix légèrement plus élevé. Assurez-vous de faire des recherches sur la marque et le produit pour voir s'il est connu pour sa longévité et s'il offre une garantie pour couvrir les éventuels problèmes.

3. Consulter les avis des clients : Les commentaires et les avis des clients peuvent être une source précieuse d'informations sur la qualité et la durabilité du produit. Prenez le temps de lire les avis des autres utilisateurs pour avoir une idée de leur expérience avec le produit.

4. Considérer les avantages supplémentaires : Si le produit offre des fonctionnalités supplémentaires ou des avantages uniques, cela peut just","

Positive","

1. Facilité d'utilisation
2. Commande en ligne
3. Disponibilité des informations
4. Présentation claire.","

1. Assurez-vous de maintenir la convivialité du site : La convivialité est un élément clé pour garantir une expérience utilisateur positive. Continuez à offrir une interface facile à utiliser et à naviguer pour que les clients puissent passer leur commande sans aucun problème.

2. Continuez à fournir des informations complètes et bien présentées : Il est important que toutes les informations nécessaires soient facilement accessibles et bien présentées sur votre site. Cela permet aux clients de trouver rapidement ce dont ils ont besoin et de passer leur commande en toute confiance.

3. Pensez à ajouter des fonctionnalités pour faciliter le processus de commande : Vous pouvez envisager d'ajouter des fonctionnalités telles que la sauvegarde des informations de paiement pour les clients réguliers, la possibilité de créer des listes de souhaits ou des rappels pour les produits en rupture de stock. Cela rendra le processus de commande encore plus pratique pour vos clients.

4. Gardez un bon service client : Si un client a une question ou rencontre un problème lors de sa commande, assurez-vous de fournir un service client amical et efficace","

Sentiment : neutre / satisfait ","

1. Service client
2. Performance
3. Contact
4. Evaluation
5. Informations
6. Site internet
7. Clarté","

En tant que cliente, je suis satisfaite du site et des informations fournies qui ont été suffisamment claires pour répondre à mes besoins. Cependant, comme je n'ai pas eu besoin de contacter le service client, je ne peux pas évaluer leur performance. Cela montre que le site est bien conçu et facile à utiliser, ce qui est un point positif. Cependant, je vous recommande d'améliorer la visibilité des coordonnées du service client sur le site, au cas où un client aurait besoin d'aide. De plus, il serait utile de mettre en place un système de chat en ligne ou une option de messagerie pour une assistance rapide en cas de besoin. Dans l'ensemble, je suis satisfaite de mon expérience sur le site, mais il y a toujours place à amélioration en termes de service client pour une expérience client encore meilleure.","

Positif","

1. Robustesse du produit
2. Durabilité
3. Impressionnant
4. Appréciation
5. Respect de l'environnement","

1. Utiliser des matériaux de qualité supérieure : Selon la réponse, la robustesse et la durabilité du produit ont été très impressionnantes. Pour maintenir ce niveau de qualité, il est important d'utiliser des matériaux de haute qualité lors de la fabrication du produit. Cela garantira que le produit reste solide et durable, même après une utilisation prolongée.

2. Mettre en avant les caractéristiques respectueuses de l'environnement : Le fait que le produit soit respectueux de l'environnement est un avantage non négligeable pour de nombreux consommateurs. Assurez-vous de mettre en avant ces caractéristiques dans votre marketing et votre communication pour attirer davantage de clients soucieux de l'environnement.

3. Offrir une garantie solide : Pour renforcer la confiance des consommateurs dans la robustesse et la durabilité de votre produit, vous pouvez offrir une garantie solide. Cela montre que vous avez confiance en la qualité de votre produit et que vous êtes prêt à le soutenir en cas de problème.

4. Proposer un service après-vent","

Sentiment positif","

1. Recommandation 
2. Qualité 
3. Performance 
4. Bon investissement 
5. Long terme"," De plus, j'ai été très satisfait du service client et de la facilité d'utilisation du produit.


Je recommande vivement ce produit pour plusieurs raisons : tout d'abord, il répond parfaitement à mes attentes en termes de qualité et de performance. J'ai pu constater une véritable amélioration dans mes résultats grâce à son utilisation. De plus, il s'agit d'un investissement à long terme, car il est durable et résistant. Ensuite, j'ai été pleinement satisfait du service client, qui a été très réactif et à l'écoute de mes besoins. Enfin, ce produit est très facile à utiliser, ce qui est un avantage considérable pour moi. En résumé, si vous recherchez un produit de qualité, performant et avec un excellent service client, je vous recommande vivement celui-ci."
4,"

Le sentiment exprimé dans cette réponse est plutôt neutre. Le locuteur n'est ni complètement satisfait ni complètement insatisfait du produit. Il reconnaît qu'il fonctionne correctement mais pense qu'il y a des points à améliorer, en particulier la durée de vie du produit.","

1. Qualité du produit
2. Performance du produit
3. Possibilité d'améliorations
4. Durée de vie du produit","
1. Faites part de vos préoccupations au fabricant : Si vous pensez que le produit pourrait être amélioré, n'hésitez pas à contacter le fabricant et à lui faire part de vos suggestions. Ils pourraient être intéressés par vos commentaires et prendre des mesures pour améliorer la qualité du produit.

2. Vérifiez s'il y a des mises à jour ou des versions améliorées disponibles : Assurez-vous de vérifier si le fabricant propose des mises à jour ou des versions améliorées du produit. Cela pourrait résoudre certains des problèmes que vous avez rencontrés.

3. Consultez les avis en ligne : Faites des recherches en ligne pour voir si d'autres clients ont également remarqué des problèmes avec le produit ou s'ils ont des suggestions pour l'améliorer. Cela pourrait vous donner des idées sur la façon de résoudre vos problèmes.

4. Vérifiez les conditions de garantie : Si vous rencontrez des problèmes avec la durée de vie du produit, assurez-vous de vérifier les conditions de garantie pour voir si vous pouvez bénéficier d'un rem","

positif","

1. Convivialité du site 
2. Facilité de navigation 
3. Conception propre et moderne 
4. Expérience utilisateur agréable","

1. Continuer à privilégier la convivialité du site : En vous assurant que la navigation reste intuitive et facile, vous pouvez garantir une expérience positive à vos utilisateurs.

2. Utiliser une conception moderne : Continuez à adopter une approche moderne dans la conception de votre site, en utilisant des éléments visuels et interactifs qui le rendent attrayant pour les utilisateurs.

3. Garder une conception propre : Veillez à maintenir une interface épurée et organisée pour faciliter la navigation et éviter la confusion des utilisateurs.

4. Prioriser l'expérience utilisateur : Pensez toujours à l'expérience de l'utilisateur lors de la conception et du développement du site, en vous assurant que toutes les fonctionnalités sont intuitives et faciles à utiliser.

5. Mettre en place des tests utilisateurs : En faisant tester votre site par des utilisateurs, vous pourrez identifier les points à améliorer pour rendre l'expérience encore plus agréable et conviviale.

6. Adopter une approche responsive : Assurez-vous que votre site est adapté à tous les appareils (ordinateur, tablette,","

Le sentiment exprimé dans cette réponse est négatif et insatisfait. Le client semble avoir été déçu par le service client qui n'a pas été utile et n'a pas réussi à résoudre son problème. De plus, le fait d'avoir été redirigé vers la FAQ est perçu comme insuffisant et agaçant. ","

- Service client
- Utilité
- Résolution de problème
- Redirection
- FAQ","

1. Demandez à parler à un superviseur ou à un responsable : Si le service client ne peut pas résoudre votre problème, demandez à parler à un superviseur ou à un responsable. Ils peuvent avoir plus de connaissances et de pouvoir pour résoudre votre problème.

2. Demandez une explication détaillée : Si le service client vous a simplement redirigé vers la FAQ, demandez une explication détaillée sur pourquoi la FAQ ne répond pas à votre problème. Peut-être qu'il y a une solution spécifique qui n'est pas mentionnée dans la FAQ.

3. Demandez une solution alternative : Si le service client ne peut pas résoudre votre problème, demandez s'il existe une autre solution ou un autre moyen d'obtenir de l'aide. Ils peuvent être en mesure de vous orienter vers une autre ressource ou de vous fournir des instructions détaillées pour résoudre votre problème.

4. Exprimez votre insatisfaction : N'hésitez pas à exprimer votre mécontentement face à l'inefficacité du service client. Cela peut les inciter à prendre des mesures pour améliorer leurs services à l","

Sentiment positif","

1. Processus d'achat
2. Simplicité
3. Rapidité
4. Facilité de paiement
5. Clarté des informations
6. Commande","

Nous sommes ravis d'apprendre que vous avez trouvé notre processus d'achat simple et rapide. Chez [nom de l'entreprise], nous nous efforçons de rendre l'expérience d'achat aussi facile et agréable que possible pour nos clients. Nous sommes heureux que vous ayez également apprécié la facilité de paiement et la clarté des informations fournies tout au long de votre commande. Nous mettons un point d'honneur à fournir des informations précises et détaillées pour que nos clients puissent faire leurs achats en toute confiance. Nous sommes impatients de vous servir à nouveau dans le futur. Merci d'avoir choisi [nom de l'entreprise] !","

Sentiment : déception","

1. Recommandation 
2. Attentes 
3. Qualité 
4. Prix","

Je vous suggère de rechercher d'autres options de produits qui pourraient mieux répondre à vos attentes en termes de qualité et de prix. De plus, vous pourriez également partager votre expérience avec d'autres consommateurs pour les informer de votre déception et les aider à prendre une décision éclairée. N'hésitez pas à contacter le fabricant pour exprimer vos préoccupations et voir s'ils peuvent vous offrir une solution ou un remboursement. Enfin, il est toujours important de faire des recherches approfondies avant d'acheter un produit pour éviter toute déception future."
5,"

Sentiment : Déception et mécontentement.","

1. Insatisfaction envers le produit 
2. Durabilité décevante 
3. Attentes non satisfaites","

1. Contactez le service clientèle du fabricant pour signaler le problème et demander un remboursement ou un remplacement du produit défectueux.

2. Si le produit est encore sous garantie, assurez-vous de fournir une preuve d'achat et toutes les informations nécessaires pour faciliter le processus de retour.

3. Si le fabricant ne répond pas de manière satisfaisante, envisagez de laisser un commentaire sur le site où vous avez acheté le produit afin d'avertir les autres consommateurs de sa faible durabilité.

4. Essayez de trouver des alternatives plus durables auprès d'autres marques ou revendeurs pour éviter d'être déçu à nouveau.

5. Lors de l'achat de tout produit à l'avenir, assurez-vous de vérifier les avis des autres clients et de choisir des marques réputées pour leur qualité et leur durabilité.

6. Si vous pensez que le produit est défectueux en raison d'un défaut de fabrication, vous pouvez contacter les autorités compétentes pour signaler le problème et demander une enquête sur la qualité du produit.

7. Si vous","

Sentiment négatif","

1. Problèmes techniques
2. Expérience d'achat négative
3. Lenteur du site
4. Bugs récurrents
5. Difficulté à compléter une commande","

1. Vérifier votre connexion internet : Assurez-vous d'avoir une connexion internet stable et rapide pour éviter les lenteurs de chargement sur le site.

2. Effacer les cookies et le cache de votre navigateur : Les cookies et le cache peuvent ralentir le fonctionnement du site. Essayez de les effacer et de recharger la page pour voir si cela améliore la vitesse du site.

3. Utiliser un navigateur différent : Si le problème persiste, essayez d'utiliser un autre navigateur pour accéder au site. Parfois, certains navigateurs peuvent avoir des problèmes de compatibilité avec certains sites.

4. Contacter le service client : Si les problèmes persistent, n'hésitez pas à contacter le service client du site. Ils pourront vous aider à résoudre les problèmes techniques que vous rencontrez.

5. Fournir des commentaires : N'hésitez pas à donner votre avis sur votre expérience d'achat. Les entreprises apprécient les commentaires de leurs clients et peuvent prendre des mesures pour améliorer leur site en fonction des retours.

6. Utiliser un autre appareil : Si vous rencontrez des probl","

Sentiment : Frustration et insatisfaction. ","

- Le service client
- L'absence de réponse
- La frustration
- Le manque de communication
- L'inacceptabilité de la situation","

1. Essayez de contacter le service client par téléphone : Si vous n'avez pas reçu de réponse à vos messages, il est peut-être préférable d'essayer de contacter le service client par téléphone. Cela peut être plus efficace pour résoudre votre problème et obtenir une réponse rapide.

2. Essayez de contacter le service client par d'autres moyens : En plus des messages et du téléphone, vérifiez s'il existe d'autres moyens de contacter le service client, tels que les réseaux sociaux ou le chat en ligne. Cela peut être une autre option pour obtenir une réponse.

3. Soyez patient : Parfois, le service client peut être débordé et il peut prendre un certain temps avant de recevoir une réponse. Essayez d'être patient et attendez quelques jours avant de renvoyer un message ou de contacter à nouveau.

4. Exprimez votre mécontentement : Si vous n'avez pas reçu de réponse après plusieurs tentatives de contact, n'hésitez pas à exprimer votre mécontentement auprès du service client. Ils doivent être informés de votre insatisfaction et feront probablement des","

Sentiment négatif","

1. Insatisfaction globale
2. Produit décevant
3. Mauvaise qualité de service","

1. Demandez un remboursement ou un échange : Si vous n'êtes pas satisfait du produit, n'hésitez pas à contacter le service client pour demander un remboursement ou un échange. Assurez-vous d'avoir des preuves d'achat et de fournir des détails sur le produit et les raisons de votre insatisfaction.

2. Exprimez votre mécontentement : Si le service client ne répond pas de manière satisfaisante, n'hésitez pas à partager votre expérience avec d'autres consommateurs en laissant un avis sur le site du produit ou sur les réseaux sociaux. Cela peut aider d'autres personnes à éviter d'être déçues par le produit.

3. Soyez spécifique dans vos plaintes : Si vous avez des problèmes spécifiques avec le produit, assurez-vous de les mentionner clairement dans votre plainte. Cela peut aider le fabricant à améliorer le produit à l'avenir.

4. Essayez d'autres options : Si le produit ne répond pas à vos attentes, il peut être utile de rechercher des alternatives sur le marché. Faites des","

Sentiment : Négatif / Déçu / Frustré","

1. Avis négatif sur le produit
2. Déception et frustration de l'expérience
3. Raison de ne pas recommander le produit : perte d'argent","

En tant que consommateur, je vous déconseille fortement d'acheter ce produit. Mon expérience personnelle a été très décevante et j'ai trouvé que c'était une perte d'argent. J'ai également été frustré par l'utilisation de ce produit. Je recommande plutôt de rechercher d'autres alternatives de meilleure qualité."
6,"

Sentiment : Très satisfait","

1. Qualité du produit
2. Livraison rapide
3. Satisfait de la robustesse et de la finition
4. Répond parfaitement aux besoins","

1. Je vous recommande fortement ce produit en raison de sa qualité exceptionnelle. Vous ne serez pas déçu par sa durabilité et sa finition solide.
2. Si vous recherchez un produit fiable et durable, celui-ci est fait pour vous. Sa robustesse en fait un choix idéal pour une utilisation à long terme.
3. La livraison rapide est un autre avantage de ce produit. Vous n'aurez pas à attendre longtemps pour l'obtenir, ce qui est idéal si vous avez besoin de l'utiliser rapidement.
4. Si vous avez des besoins spécifiques, ce produit répondra certainement à vos attentes. Sa qualité et sa construction solide en font un choix polyvalent pour différents besoins.
5. Je suis personnellement très satisfait de ce produit et je le recommande vivement à d'autres personnes. La qualité et la rapidité de livraison en font un excellent choix.","

Sentiment positif.","

1. Absence de problème 
2. Fonctionnement du site 
3. Facilité d'utilisation 
4. Trouver des informations nécessaires","
1. Assurez-vous de continuer à utiliser le site si vous n'avez rencontré aucun problème. Il semble être un outil efficace pour trouver les informations dont vous avez besoin.

2. N'hésitez pas à recommander ce site à d'autres personnes qui pourraient avoir besoin de trouver des informations similaires.

3. Prenez le temps d'explorer les différentes fonctionnalités du site, il est possible que vous y découvriez des informations supplémentaires qui pourraient vous être utiles.

4. Si vous rencontrez des difficultés à l'avenir, n'hésitez pas à contacter le service client du site pour obtenir de l'aide.

5. Pensez à laisser un commentaire positif sur le site pour aider d'autres utilisateurs à prendre une décision éclairée lorsqu'ils cherchent des informations en ligne.

6. Gardez à l'esprit que les sites peuvent parfois rencontrer des problèmes techniques temporaires, donc si vous rencontrez des difficultés à l'avenir, donnez au site une autre chance avant de le recommander.

7. Continuez à utiliser ce site comme une ressource fiable pour trouver des informations à","

Le sentiment exprimé dans cette réponse est plutôt positif. La personne n'a pas eu besoin de contacter le service client, ce qui suggère que tout s'est déroulé sans problème. Le processus d'achat a été décrit comme fluide et sans accroc, ce qui renforce l'impression d'une expérience globalement satisfaisante. Il est possible que la personne regrette de ne pas pouvoir donner son avis sur le service client, mais cela n'affecte pas son expérience d'achat globale.","

1. Contact avec le service client
2. Avis sur le service client
3. Processus d'achat
4. Fluidité du processus
5. Absence d'incident ou de problème","

1. Mentionnez la facilité du processus d'achat : Il est bon de noter que le processus d'achat a été fluide et sans accroc. Cela montre que le site est bien conçu et facile à utiliser, ce qui rend l'expérience d'achat agréable pour les clients.

2. Soulignez la qualité du service : Bien que vous n'ayez pas eu besoin de contacter le service client, le fait que vous n'ayez rencontré aucun problème lors de votre achat est un signe de la qualité du service offert par cette entreprise.

3. Faites confiance à l'efficacité du service client : Bien que vous n'ayez pas eu à contacter le service client, vous pouvez être sûr qu'ils sont efficaces et réactifs en cas de besoin. Cela peut rassurer les clients potentiels quant à la qualité de l'assistance qu'ils pourraient recevoir en cas de problème.

4. Encouragez les clients à essayer le service : Si vous avez eu une expérience sans faille avec le processus d'achat, cela peut inciter les clients à essayer le service eux-m","

Positif","

1. Satisfaction 
2. Rapidité de la livraison 
3. Qualité du produit 
4. Emballage et protection du produit","

1. Merci pour votre commentaire positif ! Nous sommes ravis d'apprendre que vous avez été satisfait de la rapidité de la livraison et de la qualité de notre produit.

2. Nous sommes fiers de fournir un service de livraison rapide et une qualité de produit exceptionnelle à nos clients. Nous sommes heureux que vous ayez pu en bénéficier.

3. En tant que client, nous savons à quel point il est important de recevoir votre commande rapidement et en bon état. Nous sommes heureux d'avoir pu répondre à vos attentes en matière de livraison et d'emballage.

4. Nous prenons la protection de nos produits très au sérieux. Nous sommes ravis que vous ayez remarqué notre emballage soigné et notre souci de protéger votre produit pendant le transport.

5. Nous apprécions votre confiance en notre entreprise et nous sommes heureux d'avoir pu vous offrir une expérience de livraison et de produit satisfaisante. Nous espérons vous revoir bientôt pour une autre commande.","

Positive","

1. Recommandation du produit
2. Fiabilité
3. Qualité
4. Bon rapport qualité/prix","

Je recommande vivement ce produit à tous ceux qui sont à la recherche d'un produit fiable et de qualité. Il est parfait pour ceux qui recherchent un excellent rapport qualité/prix. Vous ne serez pas déçu par ce choix !"
7,"

Le sentiment de la réponse est neutre ou mitigé. Le produit est considéré comme correct pour son prix, mais il n'est pas exceptionnel ou remarquable. Il répond aux attentes, mais sans plus.","

1. Qualité du produit
2. Prix
3. Performance du produit
4. Attentes envers le produit","

1. Si vous cherchez un produit fiable à un prix abordable, celui-ci pourrait vous convenir. Il remplit sa fonction de base sans être extraordinaire.

2. Si vous avez un budget limité mais que vous avez besoin d'un produit qui fonctionne correctement, celui-ci pourrait être un bon choix.

3. Cependant, si vous recherchez un produit qui se démarque par ses performances ou ses fonctionnalités, il serait peut-être préférable de chercher une alternative plus haut de gamme.

4. Ce produit peut être considéré comme un bon rapport qualité-prix, mais si vous êtes à la recherche d'une qualité supérieure, il vaut peut-être mieux investir dans un produit de meilleure qualité.

5. Si vous n'avez pas besoin d'un produit avec des fonctionnalités avancées et que vous êtes satisfait d'une performance de base, alors ce produit pourrait être une option intéressante pour vous.

6. Prenez en compte vos besoins et votre utilisation du produit avant de décider s'il répond à vos attentes ou s'il vaut la peine de dépenser un peu plus pour un produit de qualité supérieure.

7. Dans l'","

Négatif ou neutre","

1. Obsolescence du site
2. Mise à jour nécessaire
3. Amélioration de l'expérience utilisateur
4. Graphismes datés
5. Navigation peu fluide","

1. Mettre à jour le design du site : Le premier point à améliorer serait de moderniser le design du site. Les graphismes datés peuvent donner une impression de manque de professionnalisme et d'attention portée au site. En utilisant des éléments plus actuels et en suivant les tendances du web design, le site paraîtra plus attractif et suscitera davantage l'intérêt des utilisateurs.

2. Améliorer la navigation : La navigation sur le site pourrait être améliorée pour offrir une expérience plus fluide. Cela inclut notamment la mise en place de menus clairs et intuitifs, la réduction du nombre de clics nécessaires pour accéder à une information, ainsi que l'optimisation du temps de chargement des pages.

3. Ajouter des fonctionnalités interactives : Les utilisateurs sont de plus en plus habitués à une navigation interactive sur les sites. Il pourrait être intéressant d'ajouter des fonctionnalités telles qu'un chat en direct, un formulaire de contact facile à utiliser, ou encore un système de recherche avancée pour faciliter la navigation sur le site.

4. Adapter le site","

Sentiment négatif","

- Mauvaise expérience avec le service client
- Impolitesse et manque de serviabilité
- Réponses insatisfaisantes à des questions
- Pressés de terminer l'appel","

1. Contactez le service client pour exprimer votre mécontentement : Si vous avez eu une mauvaise expérience avec le service client, il est important de les contacter pour leur faire part de votre mécontentement. Ils pourront peut-être vous offrir une solution ou une compensation pour votre expérience négative.

2. Demandez à parler à un superviseur : Si le représentant du service client était impoli et peu serviable, demandez à parler à un superviseur. Ils seront peut-être mieux équipés pour gérer votre problème et vous fournir une réponse satisfaisante.

3. Écrivez une lettre de plainte : Si vous n'êtes pas satisfait des résultats de votre appel au service client, écrivez une lettre de plainte détaillant votre expérience et vos préoccupations. Assurez-vous d'inclure votre nom, vos coordonnées et toute information pertinente sur votre appel initial.

4. Recherchez d'autres moyens de contacter le service client : Si vous avez eu une mauvaise expérience avec le service client par téléphone, essayez de les contacter par e-mail ou sur les réseaux sociaux. Ils peuvent être plus encl","

Le sentiment de la réponse est plutôt neutre. La personne est satisfaite du prix raisonnable, mais elle pense qu'il y a encore beaucoup de place pour s'améliorer dans d'autres aspects.","

1. Le prix raisonnable
2. Satisfaction
3. Marge d'amélioration","

Je vous suggère de prendre en considération les éléments suivants pour améliorer votre offre et satisfaire davantage vos clients :

1. Améliorez la qualité de vos produits ou services : bien que le prix soit un élément important, la qualité de vos produits ou services est également essentielle pour satisfaire vos clients. Assurez-vous de fournir des produits ou services de haute qualité pour répondre aux attentes de vos clients.

2. Offrez un service client de qualité : un bon service client peut faire la différence entre un client satisfait et un client mécontent. Formez votre équipe pour offrir un service client de qualité, en étant à l'écoute des besoins et des préoccupations de vos clients.

3. Soyez transparent sur vos produits ou services : la transparence est essentielle pour gagner la confiance de vos clients. Assurez-vous de fournir des informations claires et précises sur vos produits ou services, ainsi que sur les politiques de votre entreprise.

4. Écoutez les commentaires de vos clients : les commentaires de vos clients peuvent vous aider à identifier les points à améliorer dans votre","

La réponse semble neutre avec une légère pointe de déception. Le locuteur est ouvert à recommander le produit, mais seulement si le service client s'améliore. Pour l'instant, il n'est pas entièrement convaincu et peut avoir eu une expérience négative avec le service client.","

1. Recommandation du produit
2. Amélioration du service client
3. Hésitation à recommander le produit","

1. Demandez à parler à un responsable du service client : Si vous avez des préoccupations ou des problèmes avec le service client, demandez à parler à un responsable. Ils pourront peut-être résoudre vos problèmes plus efficacement.

2. Exprimez vos préoccupations : Si vous n'êtes pas totalement convaincu du produit en raison du service client, n'hésitez pas à le faire savoir à l'entreprise. Vos commentaires pourraient les inciter à améliorer leur service.

3. Recherchez d'autres options : Si le service client est un facteur important pour vous, vous pourriez envisager d'autres options de produits similaires offrant un meilleur service client.

4. Donnez une deuxième chance : Si vous avez eu une mauvaise expérience avec le service client, donnez à l'entreprise une deuxième chance. Contactez-les à nouveau pour voir si les choses ont été améliorées.

5. Faites part de votre expérience aux autres : Si vous décidez de ne pas recommander le produit en raison du service client, partagez votre expérience avec d'autres personnes. Cela pourrait aider l'entreprise à comprendre l"
8,"

Sentiment positif.","

1. Rapport qualité/prix
2. Satisfaction de l'achat
3. Fonctionnalité
4. Conception","

1. Recommandez le produit à d'autres personnes qui recherchent un bon rapport qualité/prix : Si vous recherchez un produit qui offre un excellent rapport qualité/prix, je vous recommande vivement cet article. Je suis très satisfait de mon achat et je suis sûr que vous le serez aussi.

2. Mettez en avant la fonctionnalité et la conception du produit : Ce produit est non seulement abordable, mais il est également très fonctionnel et bien conçu. Il répondra certainement à vos besoins et vous offrira une expérience d'utilisation agréable.

3. Encouragez les personnes à essayer le produit : Si vous n'êtes pas encore convaincu, je vous suggère d'essayer ce produit par vous-même. Vous serez agréablement surpris par sa qualité et sa performance, et vous ne regretterez pas votre achat.

4. Soulignez la satisfaction du client : Mon expérience avec ce produit a été très positive et je suis sûr que vous serez également satisfait. Le fait que je sois un client satisfait est la preuve que ce produit vaut vraiment la peine d'être acheté.

5. Util","

Positive","

1. Conception du site
2. Facilité d'accès aux informations
3. Navigation fluide
4. Agréable","

1. Continuez à maintenir un bon design : Cela montre que vous prenez soin de votre site et que vous vous engagez à fournir une expérience agréable à vos utilisateurs.

2. Assurez-vous de maintenir une navigation fluide : Cela permettra à vos utilisateurs de trouver facilement les informations dont ils ont besoin sans frustration.

3. Pensez à ajouter des fonctionnalités de recherche : Cela rendra encore plus facile pour les utilisateurs de trouver rapidement ce qu'ils cherchent.

4. Mettez à jour régulièrement le contenu : Cela garantira que les informations sur votre site sont à jour et précises, offrant ainsi une expérience utilisateur plus fiable.

5. Ajoutez des liens internes : Cela aidera les utilisateurs à naviguer facilement vers d'autres pages pertinentes sur votre site.

6. Offrez un support client réactif : Si les utilisateurs ont des questions ou des problèmes, assurez-vous de fournir un moyen facile de les contacter pour obtenir de l'aide.

7. Recueillez les commentaires des utilisateurs : Cela vous aidera à identifier les points forts","

La réponse indique un sentiment neutre ou légèrement négatif envers le service client. Le locuteur reconnaît que ses questions ont été répondues, mais estime qu'il y a de la place pour une amélioration, notamment en termes d'accueil et de réactivité.","

1. Service client
2. Réponses aux questions
3. Amélioration
4. Accueil
5. Réactivité","

1. Améliorer l'accueil : Pour offrir une meilleure expérience client, il est important d'accueillir chaleureusement les clients dès leur arrivée. Les salutations et les sourires peuvent faire toute la différence dans la perception du service client. Assurez-vous que votre personnel est formé pour accueillir les clients de manière professionnelle et courtoise.

2. Améliorer la réactivité : Les clients apprécient une réponse rapide lorsqu'ils ont des questions ou des problèmes. Il est essentiel de mettre en place des processus efficaces pour répondre aux demandes des clients dans les meilleurs délais. Cela peut inclure la mise en place d'un système de suivi des demandes ou un personnel dédié à la gestion des requêtes des clients.

3. Offrir une formation continue à votre personnel : La formation est un élément clé pour améliorer le service client. En offrant une formation continue à votre personnel, vous pouvez les aider à améliorer leurs compétences en communication et en résolution de problèmes. Cela peut également les aider à mieux comprendre les besoins des clients et à y répondre de manière plus effic","

Sentiment positif, le client est satisfait de la rapidité de la livraison et de la qualité du produit, ainsi que des mises à jour régulières sur l'état de sa commande.","

1. La rapidité de la livraison
2. La qualité du produit
3. Les mises à jour régulières sur l'état de la commande ","

1. Continuer à maintenir un haut niveau de rapidité de livraison : La rapidité de livraison est un élément clé de satisfaction pour les clients, il est donc important de continuer à maintenir un délai de livraison rapide pour garantir la satisfaction des clients.

2. Continuer à améliorer la qualité du produit : La satisfaction du client dépend également de la qualité du produit. Assurez-vous de maintenir un niveau élevé de qualité et de surveiller régulièrement les commentaires des clients pour identifier les domaines d'amélioration potentiels.

3. Continuer à fournir des mises à jour régulières sur l'état de la commande : Les clients apprécient d'être tenus informés de l'avancement de leur commande. Continuez à fournir des mises à jour régulières, que ce soit par e-mail, SMS ou via un système de suivi en ligne, pour rassurer les clients et leur montrer que leur commande est prise en charge.

4. Offrir un service clientèle de qualité : En cas de problème ou de question, assurez-vous de fournir un service clientèle de qualité pour résoud","

Sentiment positif.","

- Satisfaction du produit
- Recommandation à d'autres
- Bon rapport qualité-prix
- Expérience d'achat positive","

Je suis ravi d'entendre que vous êtes satisfait de votre achat ! Je suis d'accord avec vous, ce produit offre une excellente valeur pour son prix et l'expérience d'achat globale est positive. Si vous connaissez d'autres personnes qui pourraient bénéficier de ce produit, je vous encourage vivement à le recommander à eux. Ils pourraient être aussi satisfaits que vous !"
